{"cameraMode":{"drawMode":0,"name":"Shaded","section":"Shading Mode"},"sceneLighting":true,"audioPlay":false,"sceneViewState":{"showFog":true,"showMaterialUpdate":false,"showSkybox":true,"showFlares":true,"showImageEffects":true,"showParticleSystems":true},"in2DMode":false,"pivot":{"x":-5.959163665771484,"y":-31.239709854125978,"z":37.57292556762695},"rotation":{"x":-0.28497785329818728,"y":0.07177947461605072,"z":-0.021395059302449228,"w":-0.9556304216384888},"size":72.19336700439453,"orthographic":false}