{"cameraMode":{"drawMode":0,"name":"Shaded","section":"Shading Mode"},"sceneLighting":false,"audioPlay":false,"sceneViewState":{"showFog":true,"showMaterialUpdate":false,"showSkybox":false,"showFlares":true,"showImageEffects":true,"showParticleSystems":true},"in2DMode":false,"pivot":{"x":-0.3842892646789551,"y":0.48674696683883669,"z":-12.086987495422364},"rotation":{"x":-0.030878864228725435,"y":0.7309632897377014,"z":-0.03314094990491867,"w":-0.6809779405593872},"size":2.8578836917877199,"orthographic":false}