{"cameraMode":{"drawMode":0,"name":"Shaded","section":"Shading Mode"},"sceneLighting":true,"audioPlay":false,"sceneViewState":{"showFog":true,"showMaterialUpdate":false,"showSkybox":true,"showFlares":true,"showImageEffects":true,"showParticleSystems":true},"in2DMode":false,"pivot":{"x":8.929183959960938,"y":-4.0832672119140629,"z":-13.905309677124024},"rotation":{"x":-0.29644834995269778,"y":-0.6994067430496216,"z":0.4122293293476105,"w":-0.5032808780670166},"size":13.548188209533692,"orthographic":false}