{"cameraMode":{"drawMode":0,"name":"Shaded","section":"Shading Mode"},"sceneLighting":false,"audioPlay":false,"sceneViewState":{"showFog":true,"showMaterialUpdate":false,"showSkybox":false,"showFlares":true,"showImageEffects":true,"showParticleSystems":true},"in2DMode":false,"pivot":{"x":-2.7976584434509279,"y":0.9024523496627808,"z":-16.86099624633789},"rotation":{"x":0.04563812538981438,"y":-0.50276780128479,"z":-0.01055455394089222,"w":0.8747444748878479},"size":0.876522958278656,"orthographic":false}