{"cameraMode":{"drawMode":0,"name":"Shaded","section":"Shading Mode"},"sceneLighting":false,"audioPlay":false,"sceneViewState":{"showFog":true,"showMaterialUpdate":false,"showSkybox":false,"showFlares":true,"showImageEffects":true,"showParticleSystems":true},"in2DMode":false,"pivot":{"x":57.512752532958987,"y":7.23475456237793,"z":-58.24085998535156},"rotation":{"x":-0.23546653985977174,"y":0.7307440638542175,"z":-0.3055746257305145,"w":-0.5634015202522278},"size":2.8578836917877199,"orthographic":false}