{"cameraMode":{"drawMode":0,"name":"Shaded","section":"Shading Mode"},"sceneLighting":false,"audioPlay":false,"sceneViewState":{"showFog":true,"showMaterialUpdate":false,"showSkybox":false,"showFlares":true,"showImageEffects":true,"showParticleSystems":true},"in2DMode":false,"pivot":{"x":2.772453784942627,"y":4.435089111328125,"z":-8.745887756347657},"rotation":{"x":0.18650175631046296,"y":-0.6333850622177124,"z":0.16108618676662446,"w":0.7336078882217407},"size":8.800524711608887,"orthographic":false}