{"cameraMode":{"drawMode":0,"name":"Shaded","section":"Shading Mode"},"sceneLighting":false,"audioPlay":false,"sceneViewState":{"showFog":true,"showMaterialUpdate":false,"showSkybox":false,"showFlares":true,"showImageEffects":true,"showParticleSystems":true},"in2DMode":false,"pivot":{"x":14.90059757232666,"y":-0.8683810830116272,"z":-41.17767333984375},"rotation":{"x":0.025470668449997903,"y":-0.9137915372848511,"z":0.40150323510169985,"w":0.05762723088264465},"size":2.8578836917877199,"orthographic":false}