{"cameraMode":{"drawMode":0,"name":"Shaded","section":"Shading Mode"},"sceneLighting":false,"audioPlay":false,"sceneViewState":{"showFog":true,"showMaterialUpdate":false,"showSkybox":false,"showFlares":true,"showImageEffects":true,"showParticleSystems":true},"in2DMode":false,"pivot":{"x":29.910686492919923,"y":-7.991448879241943,"z":-42.894649505615237},"rotation":{"x":0.1330391764640808,"y":0.6125750541687012,"z":-0.10859350115060806,"w":0.772057294845581},"size":0.76668781042099,"orthographic":false}