{"cameraMode":{"drawMode":0,"name":"Shaded","section":"Shading Mode"},"sceneLighting":false,"audioPlay":false,"sceneViewState":{"showFog":true,"showMaterialUpdate":false,"showSkybox":false,"showFlares":true,"showImageEffects":true,"showParticleSystems":true},"in2DMode":false,"pivot":{"x":63.15131378173828,"y":8.895755767822266,"z":-63.99691390991211},"rotation":{"x":-0.27739059925079348,"y":0.6076719760894775,"z":-0.23924891650676728,"w":-0.7048332095146179},"size":2.8578836917877199,"orthographic":false}