{"cameraMode":{"drawMode":0,"name":"Shaded","section":"Shading Mode"},"sceneLighting":false,"audioPlay":false,"sceneViewState":{"showFog":true,"showMaterialUpdate":false,"showSkybox":false,"showFlares":true,"showImageEffects":true,"showParticleSystems":true},"in2DMode":false,"pivot":{"x":30.7864933013916,"y":-6.580867290496826,"z":-32.764644622802737},"rotation":{"x":-0.05896221846342087,"y":0.8986820578575134,"z":-0.4159391224384308,"w":-0.12697945535182954},"size":2.8578836917877199,"orthographic":false}