{"cameraMode":{"drawMode":0,"name":"Shaded","section":"Shading Mode"},"sceneLighting":false,"audioPlay":false,"sceneViewState":{"showFog":true,"showMaterialUpdate":false,"showSkybox":false,"showFlares":true,"showImageEffects":true,"showParticleSystems":true},"in2DMode":false,"pivot":{"x":28.76009178161621,"y":3.215665340423584,"z":-20.291362762451173},"rotation":{"x":-0.012660163454711438,"y":0.9735618829727173,"z":-0.22128212451934815,"w":-0.05584801360964775},"size":2.4885904788970949,"orthographic":false}