{"cameraMode":{"drawMode":0,"name":"Shaded","section":"Shading Mode"},"sceneLighting":true,"audioPlay":false,"sceneViewState":{"showFog":true,"showMaterialUpdate":false,"showSkybox":true,"showFlares":true,"showImageEffects":true,"showParticleSystems":true},"in2DMode":false,"pivot":{"x":11.57467269897461,"y":-5.158390998840332,"z":-32.449859619140628},"rotation":{"x":0.072085440158844,"y":-0.9121578931808472,"z":0.1802249401807785,"w":0.3614848554134369},"size":40.010372161865237,"orthographic":false}