{"cameraMode":{"drawMode":0,"name":"Shaded","section":"Shading Mode"},"sceneLighting":false,"audioPlay":false,"sceneViewState":{"showFog":true,"showMaterialUpdate":false,"showSkybox":false,"showFlares":true,"showImageEffects":true,"showParticleSystems":true},"in2DMode":false,"pivot":{"x":4.809695720672607,"y":6.888424396514893,"z":-8.824838638305664},"rotation":{"x":0.005364084616303444,"y":0.9915233254432678,"z":0.03954841569066048,"w":-0.12471003085374832},"size":0.285788357257843,"orthographic":false}