{"cameraMode":{"drawMode":0,"name":"Shaded","section":"Shading Mode"},"sceneLighting":false,"audioPlay":false,"sceneViewState":{"showFog":true,"showMaterialUpdate":false,"showSkybox":false,"showFlares":true,"showImageEffects":true,"showParticleSystems":true},"in2DMode":false,"pivot":{"x":-1.6480425596237183,"y":2.5437309741973879,"z":-4.707760810852051},"rotation":{"x":-0.2849081754684448,"y":0.5397630333900452,"z":-0.20056551694869996,"w":-0.7666130065917969},"size":3.1499998569488527,"orthographic":false}