{"cameraMode":{"drawMode":0,"name":"Shaded","section":"Shading Mode"},"sceneLighting":true,"audioPlay":false,"sceneViewState":{"showFog":true,"showMaterialUpdate":false,"showSkybox":true,"showFlares":true,"showImageEffects":true,"showParticleSystems":true},"in2DMode":false,"pivot":{"x":19.313953399658204,"y":-19.347671508789064,"z":-67.04815673828125},"rotation":{"x":-0.06053202971816063,"y":0.9418722987174988,"z":-0.22997380793094636,"w":-0.2389887124300003},"size":35.14739227294922,"orthographic":false}