{"cameraMode":{"drawMode":0,"name":"Shaded","section":"Shading Mode"},"sceneLighting":false,"audioPlay":false,"sceneViewState":{"showFog":true,"showMaterialUpdate":false,"showSkybox":false,"showFlares":true,"showImageEffects":true,"showParticleSystems":true},"in2DMode":false,"pivot":{"x":17.428180694580079,"y":0.8496745824813843,"z":-53.54106140136719},"rotation":{"x":0.3337372839450836,"y":-0.036682143807411197,"z":0.013036555610597134,"w":0.9419742226600647},"size":2.8578836917877199,"orthographic":false}