{"cameraMode":{"drawMode":0,"name":"Shaded","section":"Shading Mode"},"sceneLighting":false,"audioPlay":false,"sceneViewState":{"showFog":true,"showMaterialUpdate":false,"showSkybox":false,"showFlares":true,"showImageEffects":true,"showParticleSystems":true},"in2DMode":false,"pivot":{"x":-0.7874760627746582,"y":-25.91441535949707,"z":-52.521728515625},"rotation":{"x":-0.41631338000297549,"y":0.0984535962343216,"z":-0.045170821249485019,"w":-0.9029359221458435},"size":37.88937759399414,"orthographic":false}