{"cameraMode":{"drawMode":0,"name":"Shaded","section":"Shading Mode"},"sceneLighting":false,"audioPlay":false,"sceneViewState":{"showFog":true,"showMaterialUpdate":false,"showSkybox":false,"showFlares":true,"showImageEffects":true,"showParticleSystems":true},"in2DMode":false,"pivot":{"x":6.835421085357666,"y":-4.652266025543213,"z":-46.596126556396487},"rotation":{"x":-0.08143239468336106,"y":-0.8743541836738586,"z":0.15779396891593934,"w":-0.45184317231178286},"size":2.8578836917877199,"orthographic":false}