{"cameraMode":{"drawMode":0,"name":"Shaded","section":"Shading Mode"},"sceneLighting":true,"audioPlay":false,"sceneViewState":{"showFog":true,"showMaterialUpdate":false,"showSkybox":true,"showFlares":true,"showImageEffects":true,"showParticleSystems":true},"in2DMode":false,"pivot":{"x":-15.274187088012696,"y":-19.954248428344728,"z":7.435688495635986},"rotation":{"x":-0.22126828134059907,"y":0.5667237043380737,"z":-0.1592651754617691,"w":-0.7780224680900574},"size":35.14739227294922,"orthographic":false}