{"cameraMode":{"drawMode":0,"name":"Shaded","section":"Shading Mode"},"sceneLighting":true,"audioPlay":false,"sceneViewState":{"showFog":true,"showMaterialUpdate":false,"showSkybox":true,"showFlares":true,"showImageEffects":true,"showParticleSystems":true},"in2DMode":false,"pivot":{"x":-17.341209411621095,"y":0.5507444143295288,"z":-17.411211013793947},"rotation":{"x":-0.2629777491092682,"y":-0.4597410559654236,"z":0.14465998113155366,"w":-0.8359008431434631},"size":14.941729545593262,"orthographic":false}