{"cameraMode":{"drawMode":0,"name":"Shaded","section":"Shading Mode"},"sceneLighting":false,"audioPlay":false,"sceneViewState":{"showFog":true,"showMaterialUpdate":false,"showSkybox":false,"showFlares":true,"showImageEffects":true,"showParticleSystems":true},"in2DMode":false,"pivot":{"x":-3.0175106525421144,"y":3.003222942352295,"z":-17.096433639526368},"rotation":{"x":0.05965959280729294,"y":0.7810360789299011,"z":-0.13843519985675813,"w":0.6224098801612854},"size":5.257884502410889,"orthographic":false}