{"cameraMode":{"drawMode":0,"name":"Shaded","section":"Shading Mode"},"sceneLighting":false,"audioPlay":false,"sceneViewState":{"showFog":true,"showMaterialUpdate":false,"showSkybox":false,"showFlares":true,"showImageEffects":true,"showParticleSystems":true},"in2DMode":false,"pivot":{"x":-7.198887825012207,"y":4.138782978057861,"z":-16.20781707763672},"rotation":{"x":0.8693158626556397,"y":0.12125805765390396,"z":0.2665421664714813,"w":-0.39922353625297549},"size":0.03879736363887787,"orthographic":false}