{"cameraMode":{"drawMode":0,"name":"Shaded","section":"Shading Mode"},"sceneLighting":false,"audioPlay":false,"sceneViewState":{"showFog":true,"showMaterialUpdate":false,"showSkybox":false,"showFlares":true,"showImageEffects":true,"showParticleSystems":true},"in2DMode":false,"pivot":{"x":0.5499999523162842,"y":0.48000001907348635,"z":-13.020000457763672},"rotation":{"x":-0.1830497682094574,"y":-0.67436283826828,"z":0.17817465960979463,"w":-0.6928136944770813},"size":2.8578836917877199,"orthographic":false}