{"cameraMode":{"drawMode":0,"name":"Shaded","section":"Shading Mode"},"sceneLighting":true,"audioPlay":false,"sceneViewState":{"showFog":true,"showMaterialUpdate":false,"showSkybox":true,"showFlares":true,"showImageEffects":true,"showParticleSystems":true},"in2DMode":false,"pivot":{"x":20.16985321044922,"y":-13.55422306060791,"z":-14.639147758483887},"rotation":{"x":0.18547865748405457,"y":0.6647775173187256,"z":-0.23609763383865357,"w":0.6985894441604614},"size":38.209903717041019,"orthographic":false}