{"cameraMode":{"drawMode":0,"name":"Shaded","section":"Shading Mode"},"sceneLighting":false,"audioPlay":false,"sceneViewState":{"showFog":true,"showMaterialUpdate":false,"showSkybox":false,"showFlares":true,"showImageEffects":true,"showParticleSystems":true},"in2DMode":false,"pivot":{"x":31.410430908203126,"y":-10.289850234985352,"z":-48.17298126220703},"rotation":{"x":-0.10183236747980118,"y":0.003855792572721839,"z":-0.00013906350068282336,"w":-0.994910478591919},"size":2.8578836917877199,"orthographic":false}