{"cameraMode":{"drawMode":0,"name":"Shaded","section":"Shading Mode"},"sceneLighting":true,"audioPlay":false,"sceneViewState":{"showFog":true,"showMaterialUpdate":false,"showSkybox":true,"showFlares":true,"showImageEffects":true,"showParticleSystems":true},"in2DMode":false,"pivot":{"x":18.24652862548828,"y":-66.04841613769531,"z":-142.3319091796875},"rotation":{"x":-0.01506176870316267,"y":0.9637349843978882,"z":-0.2635127902030945,"w":-0.04754936695098877},"size":145.90081787109376,"orthographic":false}