{"cameraMode":{"drawMode":0,"name":"Shaded","section":"Shading Mode"},"sceneLighting":false,"audioPlay":false,"sceneViewState":{"showFog":true,"showMaterialUpdate":false,"showSkybox":false,"showFlares":true,"showImageEffects":true,"showParticleSystems":true},"in2DMode":false,"pivot":{"x":5.939749717712402,"y":-25.80746078491211,"z":-80.91004943847656},"rotation":{"x":-0.04782192036509514,"y":-0.9069144129753113,"z":0.40501609444618227,"w":-0.10739455372095108},"size":37.88937759399414,"orthographic":false}