{"cameraMode":{"drawMode":0,"name":"Shaded","section":"Shading Mode"},"sceneLighting":false,"audioPlay":false,"sceneViewState":{"showFog":true,"showMaterialUpdate":false,"showSkybox":false,"showFlares":true,"showImageEffects":true,"showParticleSystems":true},"in2DMode":false,"pivot":{"x":-12.86444091796875,"y":8.018875122070313,"z":-18.691308975219728},"rotation":{"x":-0.004255705513060093,"y":-0.38556283712387087,"z":0.0022842681501060726,"w":-0.9229101538658142},"size":2.8578836917877199,"orthographic":false}