{"cameraMode":{"drawMode":0,"name":"Shaded","section":"Shading Mode"},"sceneLighting":true,"audioPlay":false,"sceneViewState":{"showFog":true,"showMaterialUpdate":false,"showSkybox":true,"showFlares":true,"showImageEffects":true,"showParticleSystems":true},"in2DMode":false,"pivot":{"x":40.931156158447269,"y":-16.84586524963379,"z":-23.527498245239259},"rotation":{"x":-0.2045043259859085,"y":-0.7906734347343445,"z":0.45483046770095827,"w":-0.35561540722846987},"size":27.012306213378908,"orthographic":false}