{"cameraMode":{"drawMode":0,"name":"Shaded","section":"Shading Mode"},"sceneLighting":false,"audioPlay":false,"sceneViewState":{"showFog":true,"showMaterialUpdate":false,"showSkybox":false,"showFlares":true,"showImageEffects":true,"showParticleSystems":true},"in2DMode":false,"pivot":{"x":0.8371387124061585,"y":0.44356605410575869,"z":-13.13916301727295},"rotation":{"x":-0.08230264484882355,"y":-0.8788722157478333,"z":0.1642986238002777,"w":-0.4402557611465454},"size":2.8578836917877199,"orthographic":false}