{"cameraMode":{"drawMode":0,"name":"Shaded","section":"Shading Mode"},"sceneLighting":false,"audioPlay":false,"sceneViewState":{"showFog":true,"showMaterialUpdate":false,"showSkybox":false,"showFlares":true,"showImageEffects":true,"showParticleSystems":true},"in2DMode":false,"pivot":{"x":-9.901622772216797,"y":4.936943054199219,"z":-19.41030502319336},"rotation":{"x":0.06009417027235031,"y":0.7756032347679138,"z":-0.07509616017341614,"w":0.6242278218269348},"size":2.8578836917877199,"orthographic":false}