{"cameraMode":{"drawMode":0,"name":"Shaded","section":"Shading Mode"},"sceneLighting":false,"audioPlay":false,"sceneViewState":{"showFog":true,"showMaterialUpdate":false,"showSkybox":false,"showFlares":true,"showImageEffects":true,"showParticleSystems":true},"in2DMode":false,"pivot":{"x":39.55062484741211,"y":2.8037805557250978,"z":-18.21976089477539},"rotation":{"x":0.03452382981777191,"y":0.9629424214363098,"z":-0.149958997964859,"w":0.221612811088562},"size":2.8578836917877199,"orthographic":false}